Title,"PostTrak
Film
Type","Release
Date",Genre,Rating,Dist,"Opening
Wknd
Gross","Opening
Day
Gross",Cume,"Locs
at
Opening","Locs
at
Widest
Release","Polling
Wk",Index,"Definitely
Recommend","Total
Polled","General
Total
;
How
would
you
rate
the
film?
1
-
Excellent"
Deadpool & Wolverine,General,7/26/2024,ACT,R,DIS,211435291,96189710,211435291,4210,4210,1,90,79%,800,69%
Twisters,Hybrid,7/19/2024,ACT,PG13,UNI,81251415,32139880,154622570,4151,4170,1,85,65%,1314,54%
Longlegs,General,7/12/2024,HOR,R,NEON,22400119,10012897,59716424,2510,2850,1,72,47%,875,37%
Fly Me to the Moon,General,7/12/2024,COM,PG13,SNY,9402176,4476129,19128337,3356,3356,1,85,68%,843,56%
MaXXXine,General,7/5/2024,HOR,R,A24,6705038,3185000,14666489,2450,2450,1,75,55%,817,40%
Sound of Hope: The Story of Possum Trot,General,7/4/2024,DRA,PG13,ANGEL,3078758,3591283,11483161,2200,2200,1,94,87%,435,81%
Despicable Me 4,Family,7/3/2024,ANI,PG,UNI,75009210,27202050,291361930,4030,4449,1,83,63%,1235,53%
Horizon: An American Saga Chapter 1,General,6/28/2024,WES,R,WB,11052561,4091577,28944840,3334,3334,1,75,50%,817,42%
"Quiet Place: Day One, A",General,6/28/2024,HOR,PG13,PAR,52202495,22528071,134313567,3708,3708,1,80,59%,807,48%
"Bikeriders, The",General,6/21/2024,DRA,R,FOC,9698275,4109865,21669915,2642,2692,1,75,49%,805,38%
"Exorcism, The",General,6/21/2024,HOR,R,EMICK,2457041,944916,4530418,2240,2240,1,51,23%,382,15%
Inside Out 2,Hybrid,6/14/2024,ANI,PG,DIS,154201673,63558115,613724182,4440,4440,1,86,70%,1206,57%
Bad Boys: Ride or Die,General,6/7/2024,ACT,R,SNY,56527324,21501365,191800582,3885,3885,1,90,84%,829,71%
"Watchers, The",General,6/7/2024,HOR,PG13,WB,7003537,2903381,19071404,3351,3351,1,64,35%,811,25%
Haikyu!! The Dumpster Battle,General,5/31/2024,ANI,PG13,Crunchyroll/Sony,3645301,1913472,7071622,1119,1119,1,91,78%,810,73%
"Garfield Movie, The",Hybrid,5/24/2024,ANI,PG,SNY,24006629,8405671,91807111,4035,4108,1,78,57%,1207,48%
Furiosa: A Mad Max Saga,General,5/24/2024,ACT,R,WB,26326462,10356086,67475791,3804,3864,1,85,69%,826,58%
Sight,General,5/24/2024,DRA,PG13,ANGEL,2795447,1100125,7203828,2100,2118,1,88,73%,425,68%
IF,Family,5/17/2024,FAM,PG,PAR,33715801,10423126,111149917,4041,4068,1,84,63%,1228,54%
"Strangers: Chapter 1, The",General,5/17/2024,HOR,R,LGF,11825058,5098780,35202562,2856,2856,1,58,34%,804,23%
Back to Black,General,5/17/2024,DRA,R,FOC,2835720,1237795,6157705,2010,2013,1,78,57%,506,48%
Kingdom of the Planet of the Apes,Hybrid,5/10/2024,ACT,PG13,20TH,58400788,22166611,170903821,4075,4075,1,79,62%,1216,47%
"Fall Guy, The",General,5/3/2024,ACT,PG13,UNI,27747035,10479125,92900355,4002,4008,1,87,72%,806,61%
Tarot,General,5/3/2024,HOR,PG13,SNY,6503012,2550578,18771004,3104,3104,1,63,36%,802,25%
Unsung Hero,General,4/26/2024,DRA,PG,LGF,7731539,3623796,20335239,2832,2832,1,94,88%,806,82%
Challengers,General,4/26/2024,DRA,R,AMZMGM,15011061,6255921,50119408,3477,3477,1,78,57%,805,48%
Alien (1979) (re),General,4/26/2024,SCI,R,20TH,1550424,606315,2305647,1750,1750,1,94,75%,290,82%
Boy Kills World,General,4/26/2024,ACT,R,RSA,1682525,828560,2626127,1993,1993,1,72,44%,270,34%
Spy x Family Code: White,General,4/19/2024,ANI,PG13,Crunchyroll/Sony,4824993,2208568,8110042,2009,2009,1,90,72%,801,70%
Abigail,General,4/19/2024,HOR,R,UNI,10297110,4033895,25867515,3384,3393,1,78,56%,800,42%
"Ministry of Ungentlemanly Warfare, The",General,4/19/2024,ACT,R,LGF,8913698,3738379,20535053,2845,2845,1,86,69%,800,56%
Civil War,General,4/12/2024,ACT,R,A24,25537368,10817252,68756072,3838,3929,1,77,52%,805,42%
"Long Game, The",General,4/12/2024,DRA,PG,EMICK,1300398,639255,3060040,1030,1030,1,87,75%,272,64%
Monkey Man,General,4/5/2024,ACT,R,UNI,10119435,4182135,25116955,3029,3037,1,83,64%,800,53%
"First Omen, The",General,4/5/2024,HOR,R,20TH,8353710,3343581,20092802,3375,3375,1,68,37%,712,27%
Godzilla x Kong: The New Empire,Hybrid,3/29/2024,ACT,PG13,WB,80006561,36807592,196350016,3861,3948,1,88,76%,1212,64%
Wicked Little Letters,General,3/29/2024,COM,R,SPC,76654, ,5007808,5,1009,1,78,53%,145,43%
Ghostbusters: Frozen Empire,Hybrid,3/22/2024,ACT,PG13,SNY,45004673,16101687,113376590,4345,4345,1,80,62%,1224,48%
Immaculate,General,3/22/2024,HOR,R,NEON,5338921,2032481,15671306,2354,2362,1,65,32%,801,22%
Luca,Family,3/22/2024,ANI,PG,DIS,558396,151235,1324302,1390,1390,1,88,75%,190,71%
Arthur the King,General,3/15/2024,ADV,PG13,LGF,7633898,2994621,25049006,3003,3003,1,89,80%,802,68%
"American Society of Magical Negroes, The",General,3/15/2024,COM,PG13,FOC,1304270,524695,2480645,1147,1153,1,70,50%,410,35%
Kung Fu Panda 4,Family,3/8/2024,ANI,PG,UNI,57989905,19448090,193590620,4035,4067,1,78,55%,1200,47%
Cabrini,General,3/8/2024,DRA,PG13,ANGEL,7168520,3091042,19512135,2840,2850,1,92,82%,813,77%
Imaginary,General,3/8/2024,HOR,PG13,LGF,9912713,3623574,28009161,3118,3118,1,66,37%,801,27%
Love Lies Bleeding,General,3/8/2024,ROMANCE,R,A24,150765,71102,7582417,5,1828,1,78,53%,580,42%
Dune: Part Two,General,3/1/2024,ACT,PG13,WB,82505391,32211366,282144358,4071,4074,1,91,78%,806,73%
Demon Slayer: Kimetsu No Yaiba - To the Hashira Training,General,2/23/2024,ANI,R,Crunchyroll/Sony,11505414,5602987,17657658,1949,1949,1,83,66%,802,59%
Ordinary Angels,General,2/23/2024,DRA,PG,LGF,6163600,2327954,19174421,3020,3020,1,90,77%,707,73%
Drive-Away Dolls,General,2/23/2024,ACT,R,FOC,2404330,1011980,5028215,2280,2280,1,70,42%,430,31%
Madame Web,Hybrid,2/14/2024,ACT,PG13,SNY,15335860,6051012,43817106,4013,4013,1,59,38%,1200,27%
Bob Marley: One Love,General,2/14/2024,DRA,PG13,PAR,28659004,14009622,96893170,3536,3597,1,88,77%,818,65%
Lisa Frankenstein,General,2/9/2024,COM,PG13,FOC,3695785,1725290,9774285,3144,3144,1,75,50%,766,41%
Turning Red,Family,2/9/2024,ANI,PG,DIS,578047,160433,1399001,1560,1560,1,86,69%,147,59%
Argylle,General,2/2/2024,ACT,PG13,UNI,17473540,6485575,45207275,3605,3647,1,74,48%,800,39%
"Chosen: Season 4 Episodes 1-3, The",General,2/1/2024,SPECIAL,NR,FTHM,5948435,1434170,14406070,2183,2280,1,90,78%,524,69%
I.S.S.,General,1/19/2024,SCI,R,BST,3064583,1255556,6573799,2518,2518,1,61,27%,589,20%
Mean Girls,Hybrid,1/12/2024,COM,PG13,PAR,28635307,11527268,72404248,3791,3826,1,74,47%,1210,39%
"Beekeeper, The",General,1/12/2024,ACT,R,AMZMGM,16576007,6765012,66220535,3303,3337,1,84,62%,801,57%
"Book of Clarence, The",General,1/12/2024,ADV,PG13,SNY,2557027,1009292,6132813,2010,2010,1,77,55%,492,41%
Soul,Family,1/12/2024,ANI,PG,DIS,431840,121631,946154,1350,1360,1,89,68%,139,62%
Night Swim,General,1/5/2024,HOR,PG13,UNI,11797155,5246275,32494740,3250,3257,1,56,26%,802,18%
"Color Purple, The",General,12/25/2023,MUS,PG13,WB,11737072,18151050,60619191,3152,3218,1,91,80%,824,72%
"Boys in the Boat, The",General,12/25/2023,DRA,PG13,MGM,8400548,5714382,52641306,2557,2687,1,86,70%,800,60%
Ferrari,General,12/25/2023,DRA,R,NEON,3921773,2876285,18550030,2330,2386,1,76,47%,800,36%
Aquaman and the Lost Kingdom,Hybrid,12/22/2023,ACT,PG13,WB,27686211,13681754,124481226,3706,3787,1,73,48%,1274,37%
Migration,Family,12/22/2023,ANI,PG,UNI,12453275,5747620,127306285,3761,3839,1,80,50%,1221,43%
"Iron Claw, The",General,12/22/2023,DRA,R,A24,4868370,2496600,35070296,2774,2794,1,86,67%,804,56%
Anyone But You,General,12/22/2023,RCOM,R,SNY,6000344,3477429,88319668,3055,3055,1,80,55%,764,46%
Wonka,Family,12/15/2023,MUS,PG,WB,39005800,14412706,218402312,4203,4213,1,84,63%,1233,53%
American Fiction,General,12/15/2023,COM,R,MGM,224469,121245,21098470,7,1902,1,87,67%,363,59%
"Boy and the Heron, The",Hybrid,12/8/2023,ANI,PG13,GKIDS,13011722,5602603,46832867,2205,2325,1,84,62%,1206,53%
Poor Things,General,12/8/2023,SCI,R,SL,661230,279075,34553225,9,2300,1,82,56%,407,54%
Die Hard (1988) (re),General,12/8/2023,ACT,R,20TH,934421,331050,2048453,1355,1355,1,90,72%,237,67%
RENAISSANCE: A FILM BY BEYONCÃ‰,Hybrid,12/1/2023,SPECIAL,NR,VAR,21801216,11619984,33889685,2539,2542,1,95,86%,1212,84%
Godzilla Minus One,General,12/1/2023,ACT,PG13,EMICK,11419975,4726373,56418793,2308,2622,1,91,82%,821,74%
"Shift, The",General,12/1/2023,SCI,PG13,ANGEL,4300165,1750398,12118219,2450,2450,1,84,68%,480,57%
Silent Night,General,12/1/2023,ACT,R,LGF,3010207,1088202,8012103,1870,1873,1,70,41%,351,34%
Wish,Family,11/22/2023,ANI,PG,DIS,19698228,8117419,63973821,3900,3900,1,74,46%,1206,41%
Napoleon,General,11/22/2023,ACT,R,SNY,20638887,7733795,61524375,3500,3500,1,74,46%,801,35%
Trolls Band Together,Family,11/17/2023,ANI,PG,UNI,30002525,9397780,102996915,3870,3893,1,80,59%,1210,53%
"Hunger Games: The Ballad of Songbirds & Snakes, The",Hybrid,11/17/2023,ACT,PG13,LGF,44607143,19048744,166350594,3776,3776,1,85,67%,1207,56%
Thanksgiving,General,11/17/2023,HOR,R,SNY,10306272,3827521,31908884,3204,3204,1,75,53%,800,37%
Saltburn,General,11/17/2023,DRA,R,MGM,322651,167624,11425829,7,1566,1,76,38%,379,38%
Next Goal Wins,General,11/17/2023,COM,PG13,SL,2500295,1099450,6713826,2240,2240,1,83,65%,358,54%
"Marvels, The",Hybrid,11/10/2023,ACT,PG13,DIS,46110859,21603104,84500223,4030,4030,1,75,55%,1241,41%
Journey to Bethlehem,Hybrid,11/10/2023,MUS,PG,SNY,2400446,1025364,6820796,2002,2002,1,85,68%,539,57%
What Happens Later,General,11/3/2023,COM,R,BST,1522750,601372,3273895,1492,1492,1,58,24%,208,17%
Five Nights at Freddy's,Hybrid,10/27/2023,HOR,PG13,UNI,80001720,39645580,137275620,3675,3789,1,79,60%,1207,48%
Priscilla,General,10/27/2023,DRA,R,A24,132139,66643,20864910,4,2361,1,73,46%,844,33%
After Death,General,10/27/2023,DOC,PG13,ANGEL,5051950,2203285,11478133,2645,2730,1,84,60%,610,52%
"Holdovers, The",General,10/27/2023,COM,R,FOC,211093,95382,20355375,6,1601,1,81,63%,293,50%
Freelance,General,10/27/2023,ACT,R,EMICK,2086000,885000,5331346,2057,2057,1,67,32%,256,21%
Killers of the Flower Moon,General,10/20/2023,DRA,R,PAR,23253655,9401256,68026901,3628,3786,1,87,70%,813,64%
TAYLOR SWIFT / THE ERAS TOUR,Hybrid,10/13/2023,SPECIAL,PG13,VAR,93224755,37674069,180760723,3855,3855,1,95,86%,1214,84%
"Exorcist: Believer, The",General,10/6/2023,HOR,R,UNI,26497600,11826255,65537395,3663,3684,1,69,43%,816,30%
Paw Patrol: The Mighty Movie,Family,9/29/2023,ANI,PG,PAR,22764354,6828084,65343309,3989,4027,1,80,57%,1231,49%
Saw X,General,9/29/2023,HOR,R,LGF,18309301,7965110,53607898,3262,3262,1,81,60%,821,49%
"Creator, The",General,9/29/2023,SCI,PG13,20TH,14079512,5629996,40774679,3680,3680,1,81,61%,802,49%
Expend4bles,General,9/22/2023,ACT,R,LGF,8039021,3116557,16710153,3518,3518,1,71,44%,819,36%
It Lives Inside,General,9/22/2023,HOR,PG13,NEON,2607665,1053340,4675092,2005,2005,1,58,25%,437,16%
"Haunting in Venice, A",General,9/15/2023,DRA,PG13,20TH,14279529,5542594,42471412,3305,3305,1,75,47%,821,34%
Dumb Money,General,9/15/2023,COM,R,SNY,220947,92382,13919484,8,2837,1,82,60%,601,46%
My Big Fat Greek Wedding 3,General,9/8/2023,COM,PG13,FOC,10028675,3706845,28496030,3650,3678,1,78,55%,835,43%
"Nun II, The",General,9/8/2023,HOR,R,WB,32603336,13107493,86270590,3728,3743,1,73,50%,825,36%
"Equalizer 3, The",General,9/1/2023,ACT,R,SNY,34604229,13045955,92373751,3965,3965,1,88,73%,829,64%
Gran Turismo: Based on a True Story,Hybrid,8/25/2023,ACT,PG13,SNY,17410552,8552178,44428554,3856,3856,1,89,76%,1238,67%
Retribution,General,8/25/2023,ACT,R,RSA,3518830,1289460,6937696,1750,1750,1,67,35%,454,24%
Bottoms,General,8/25/2023,COM,R,MGM,461052,231195,12036071,10,1265,1,87,75%,352,61%
"Hill, The",General,8/25/2023,DRA,PG,BCLF,2301931,805612,7665865,1570,1703,1,83,64%,304,51%
Blue Beetle,Hybrid,8/18/2023,ACT,PG13,WB,25030225,10005790,72541501,3871,3871,1,83,65%,1226,51%
Strays,General,8/18/2023,COM,R,UNI,8247810,3427540,23988885,3223,3232,1,77,54%,815,45%
Back on the Strip,General,8/18/2023,COM,R,LUMREL, , ,0,1317,1317,1,78,37%,126,41%
"Last Voyage of the Demeter, The",General,8/11/2023,HOR,R,UNI,6504950,2606975,13637180,2715,2715,1,70,38%,841,29%
Meg 2: The Trench,General,8/4/2023,ACT,PG13,WB,30002735,12146883,82633033,3503,3604,1,75,54%,818,40%
Teenage Mutant Ninja Turtles: Mutant Mayhem,Hybrid,8/2/2023,ANI,PG,PAR,28007544,10202275,118700272,3513,3950,1,87,70%,1300,60%
Haunted Mansion,Hybrid,7/28/2023,COM,PG13,DIS,24082475,9991427,67653287,3740,3740,1,81,59%,1249,46%
Barbie,Hybrid,7/21/2023,COM,PG13,WB,162022044,70503178,636238421,4243,4337,1,88,79%,1233,69%
Oppenheimer,General,7/21/2023,DRA,R,UNI,82455420,33017635,329862540,3610,3761,1,90,72%,818,68%
Mission: Impossible - Dead Reckoning Part One,General,7/12/2023,ACT,PG13,PAR,54688347,15516660,172640980,4049,4327,1,88,69%,804,65%
Joy Ride,General,7/7/2023,COM,R,LGF,5806277,2611969,12897789,2820,2820,1,81,60%,807,49%
Insidious: The Red Door,General,7/7/2023,HOR,PG13,SNY,33013036,15203849,82156962,3188,3188,1,74,53%,801,39%
Sound of Freedom,General,7/4/2023,ACT,PG13,ANGEL,19680879,14242063,184178046,2634,3411,1,94,83%,800,83%
Indiana Jones and the Dial of Destiny,Hybrid,6/30/2023,ADV,PG13,DIS,60368101,23682998,174480468,4600,4600,1,80,61%,1234,48%
"Ruby Gillman, Teenage Kraken",Family,6/30/2023,ANI,PG,UNI,5500990,2339895,15753600,3400,3408,1,77,44%,1126,37%
No Hard Feelings,General,6/23/2023,COM,R,SNY,15002770,6352471,50452282,3208,3208,1,80,56%,801,42%
Elemental,Family,6/16/2023,ANI,PG,DIS,29602429,11704094,154426697,4035,4035,1,85,66%,1211,60%
"Flash, The",Hybrid,6/16/2023,ACT,PG13,WB,55043679,24133354,108167507,4234,4256,1,79,58%,1204,47%
"Blackening, The",General,6/16/2023,COM,R,LGF,6013131,2572947,17707207,1775,1775,1,81,58%,814,48%
Asteroid City,General,6/16/2023,COM,PG13,FOC,853382,360638,28153025,6,1901,1,77,47%,800,41%
Transformers: Rise of the Beasts,Hybrid,6/9/2023,ACT,PG13,PAR,61045464,25649418,157341749,3678,3680,1,84,68%,1225,57%
Spider-Man: Across The Spider-Verse,Family,6/2/2023,ANI,PG,SNY,120663589,51808109,381593754,4313,4332,1,92,82%,1221,75%
"Boogeyman, The",General,6/2/2023,HOR,PG13,20TH,12356486,4837666,43244282,3205,3205,1,72,45%,846,33%
"Little Mermaid, The",Family,5/26/2023,MUS,PG,DIS,95578040,38149001,298172056,4320,4320,1,88,75%,1428,65%
About My Father,General,5/26/2023,COM,PG13,LGF,4321148,1464923,12089391,2464,2464,1,78,56%,408,38%
"Machine, The",General,5/26/2023,ACT,R,SNY,5000545,2220804,10458331,2409,2409,1,80,63%,254,48%
You Hurt My Feelings,General,5/26/2023,COM,R,A24,1396448,474240,4830789,912,912,1,73,43%,122,33%
Kandahar,General,5/26/2023,ACT,R,OPRD/BCLF,2325388,921019,4813132,2105,2105,1,79,46%,120,41%
Fast X,Hybrid,5/19/2023,ACT,PG13,UNI,67017410,28015320,146126015,4046,4088,1,81,64%,1205,53%
Book Club: The Next Chapter,General,5/12/2023,COM,PG13,FOC,6677580,2142255,17581565,3508,3513,1,81,57%,472,46%
Hypnotic,General,5/12/2023,ACT,R,EMICK,2401686,936501,4500169,2118,2118,1,68,34%,241,26%
Rally Road Racers,Family,5/12/2023,ANI,PG,VIVA,419717,87284,721303,1250,1250,1,68,34%,93,34%
Guardians of the Galaxy Vol. 3,Hybrid,5/5/2023,ACT,PG13,DIS,118414021,48103839,358995815,4450,4450,1,90,80%,1206,68%
Love Again,General,5/5/2023,ROMANCE,PG13,SNY,2380962,951937,6230837,2703,2703,1,80,57%,318,43%
"Are You There God? It's Me, Margaret.",Hybrid,4/28/2023,FAM,PG13,LGF,6739037,2247219,20372406,3343,3343,1,87,72%,670,61%
Sisu,General,4/28/2023,ACT,R,LGF,3330891,1384689,7265622,1006,1006,1,82,62%,669,51%
Big George Foreman: The Miraculous Story of the Once and Future Heavyweight Champion of the World,General,4/28/2023,DRA,PG13,SNY,2925364,1031785,5426772,3054,3054,1,86,71%,367,57%
Polite Society,General,4/28/2023,COM,PG13,FOC,817740,278305,1595585,927,927,1,84,68%,245,55%
Evil Dead Rise,General,4/21/2023,HOR,R,WB,24504315,10348229,67356372,3402,3417,1,74,55%,811,40%
Guy Ritchie's The Covenant,General,4/21/2023,ACT,R,MGM,6380188,2259928,16938039,2611,2631,1,91,79%,470,71%
Chevalier,General,4/21/2023,DRA,PG13,SL,1521288,541000,3541159,1275,1281,1,89,73%,291,66%
Suzume,General,4/14/2023,ANI,PG,Crunchyroll/Sony,5001705,2143020,10932037,2170,2170,1,89,74%,806,68%
Renfield,General,4/14/2023,HOR,R,UNI,8026475,3185120,17297895,3375,3378,1,77,56%,800,40%
"Pope's Exorcist, The",General,4/14/2023,HOR,R,SNY,9006368,3465715,20009380,3178,3178,1,75,56%,628,40%
Beau is Afraid,General,4/14/2023,ADV,R,A24,320396,141091,7436588,4,2125,1,69,35%,550,33%
Mafia Mamma,General,4/14/2023,COM,R,BST,2032202,868978,3786326,2002,2002,1,72,48%,216,34%
Nefarious,General,4/14/2023,SUS,R,IND,1316266,504046,5433686,933,933,1,82,63%,146,57%
Sweetwater,General,4/14/2023,DRA,PG13,BCLF,351010,128385,541633,1204,1204,1,80,56%,70,50%
Paint,General,4/7/2023,COM,PG13,IFC,570512,315993,811739,819,819,1,67,45%,105,31%
"Super Mario Bros. Movie, The",Hybrid,4/5/2023,ANI,PG,UNI,146361865,31702735,574934330,4025,4371,1,87,74%,1240,63%
Air (2023),General,4/5/2023,DRA,R,MGM,14456279,3294826,52460106,3507,3507,1,90,80%,817,68%
Dungeons & Dragons: Honor Among Thieves,Hybrid,3/31/2023,ADV,PG13,PAR,37205784,15222358,93549650,3855,3856,1,87,75%,1226,59%
His Only Son,General,3/31/2023,DRA,PG13,ANGEL,5501070,2199360,12392740,1920,1930,1,90,80%,542,72%
"Thousand and One, A",General,3/31/2023,DRA,R,FOC,1795695,703495,3400020,926,926,1,81,64%,251,52%
John Wick: Chapter 4,General,3/24/2023,ACT,R,LGF,73817950,29426384,187131806,3855,3855,1,90,82%,830,73%
Shazam! Fury Of The Gods,Hybrid,3/17/2023,ACT,PG13,WB,30111158,11701380,57721819,4071,4071,1,78,61%,1201,43%
Scream VI,General,3/10/2023,HOR,R,PAR,44447270,19293468,108391107,3675,3676,1,86,73%,807,58%
65,General,3/10/2023,SCI,PG13,SNY,12328361,4446084,32062904,3405,3405,1,68,45%,764,29%
Champions,General,3/10/2023,COM,PG13,FOC,5148740,1820955,16397335,3030,3039,1,84,64%,291,54%
Creed III,General,3/3/2023,ACT,PG13,MGM,58370007,22089127,156248615,4007,4007,1,90,80%,800,67%
Demon Slayer: Kimetsu no Yaiba: To the Swordsmith Village,General,3/3/2023,ANI,R,CRUNCHY,10192750,4227737,16730592,1780,1780,1,77,59%,612,50%
Operation Fortune: Ruse de Guerre,General,3/3/2023,ACT,R,LGF,3140214,1079603,6496125,2168,2168,1,75,50%,203,36%
Jesus Revolution,General,2/24/2023,DRA,PG13,LGF,15882067,6965536,52102987,2475,2575,1,94,89%,834,81%
Cocaine Bear,General,2/24/2023,SUS,R,UNI,23260790,8688985,64670240,3534,3571,1,80,66%,801,51%
Ant-Man and the Wasp: Quantumania,Hybrid,2/17/2023,ACT,PG13,DIS,106109650,46431851,214504909,4345,4345,1,78,59%,1212,45%
Marlowe,General,2/15/2023,SUS,R,OPRD/BCLF,1814094,548215,4350243,2281,2281,1,63,32%,266,23%
80 for Brady,General,2/3/2023,COM,PG13,PAR,12701640,4625369,39448525,3912,3939,1,85,71%,825,56%
Knock at the Cabin,General,2/3/2023,SUS,R,UNI,14127170,5409055,35397980,3643,3657,1,65,35%,805,21%
"Amazing Maurice, The",Hybrid,2/3/2023,ANI,PG,VIVA,1464691,343962,3255367,1546,1546,1,74,33%,173,33%
Infinity Pool,General,1/27/2023,SUS,R,NEON,2514364,1123017,5078401,1835,1835,1,63,23%,472,23%
Fear,General,1/27/2023,HOR,R,VAR,1227794,466992,2138235,974,974,1,57,28%,258,19%
Missing (2023),General,1/20/2023,SUS,PG13,SNY,9154695,3433703,32502025,3025,3025,1,82,63%,803,49%
That Time I Got Reincarnated as a Slime The Movie: Scarlet Bond,Hybrid,1/20/2023,ANI,PG13,CRUNCHY,1588491,701958,1891488,1470,1470,1,81,59%,461,50%
Plane,General,1/13/2023,ACT,R,LGF,10265326,3519013,32111181,3023,3060,1,82,62%,801,49%
"Devil Conspiracy, The",General,1/13/2023,HOR,R,IND,439759,157546,765039,925,925,1,52,20%,106,14%
M3GAN,General,1/6/2023,HOR,PG13,UNI,30429860,11726555,95159005,3509,3628,1,77,58%,817,42%
"Man Called Otto, A",General,12/30/2022,COM,PG13,SNY,56257,22790,64267657,4,3957,1,90,76%,803,68%
Whitney Houston: I Wanna Dance with Somebody,General,12/23/2022,DRA,PG13,SNY,4700450,1979797,23708080,3625,3625,1,84,67%,507,56%
Babylon,General,12/23/2022,COM,R,PAR,3603368,1469479,15658225,3343,3351,1,73,48%,379,38%
Puss In Boots: The Last Wish,Family,12/21/2022,ANI,PG,UNI,12429515,3200250,186090535,4099,4121,1,86,65%,1214,58%
Avatar: The Way of Water,Hybrid,12/16/2022,ACT,PG13,20TH,134100226,53200270,684075767,4202,4340,1,89,78%,1212,68%
Violent Night,General,12/2/2022,ACT,R,UNI,13450240,4869770,50057405,3682,3723,1,81,63%,806,49%
Spoiler Alert,General,12/2/2022,DRA,PG13,FOC,82983,45841,1384003,6,783,1,87,62%,264,57%
Strange World,Hybrid,11/23/2022,ANI,PG,DIS,12151384,4192614,37968963,4174,4174,1,78,56%,910,44%
Devotion,General,11/23/2022,DRA,PG13,SNY,5902803,1825172,20511938,3405,3458,1,89,77%,604,67%
"Menu, The",General,11/18/2022,COM,R,SL,9004957,3595005,38501125,3211,3228,1,77,54%,811,41%
Bones and All,General,11/18/2022,DRA,R,UAR,121004,57887,7834907,5,2727,1,72,39%,461,34%
She Said,General,11/18/2022,DRA,R,UNI,2217010,836585,5825995,2022,2023,1,86,71%,435,56%
Black Panther: Wakanda Forever,Hybrid,11/11/2022,ACT,PG13,DIS,181339761,84285721,453829060,4396,4396,1,90,82%,1216,71%
One Piece Film Red,Hybrid,11/4/2022,ANI,PG13,CRUNCHY,9340245,4838903,13379295,2367,2367,1,87,72%,1207,65%
Prey for the Devil,General,10/28/2022,HOR,PG13,LGF,7185126,2831066,19802293,2980,2980,1,68,41%,733,25%
Armageddon Time,General,10/28/2022,DRA,R,FOC,70275,35010,1872625,6,1006,1,70,41%,206,28%
Call Jane,General,10/28/2022,DRA,R,RSA,244469,85157,512770,1068,1068,1,79,51%,121,44%
Black Adam,Hybrid,10/21/2022,ACT,PG13,WB,67004323,26688324,168185470,4402,4402,1,79,65%,1201,46%
Ticket To Paradise,General,10/21/2022,RCOM,PG13,UNI,16509095,6404995,68275985,3543,4066,1,82,64%,804,49%
"Banshees of Inisherin, The",General,10/21/2022,DRA,R,SL,184454,67647,10582266,4,1205,1,78,44%,406,41%
Halloween Ends,General,10/14/2022,HOR,R,UNI,40050355,20375495,64079860,3901,3901,1,69,48%,809,38%
Till,General,10/14/2022,DRA,PG13,UAR,242269,95583,9000202,16,2136,1,90,82%,390,70%
"Lyle, Lyle, Crocodile",Family,10/7/2022,FAM,PG,SNY,11401182,3630915,46888441,4350,4350,1,79,61%,1214,47%
Amsterdam,General,10/7/2022,DRA,R,20TH,6444896,2642736,14947969,3005,3005,1,74,46%,785,37%
TAR,General,10/7/2022,DRA,R,FOC,158620,65981,6773650,4,1090,1,73,40%,310,35%
Smile (2022),General,9/30/2022,HOR,R,PAR,22609925,8234402,105935048,3645,3659,1,72,51%,868,36%
Bros,General,9/30/2022,RCOM,R,UNI,4854125,1842830,11628165,3350,3356,1,86,72%,823,60%
"Good House, The",General,9/30/2022,DRA,R,RSA,801568,251568,2219760,1062,1062,1,73,50%,168,32%
Avatar (2009) (re),Hybrid,9/23/2022,ACT,PG13,20TH,10529576,3373691,24714024,1860,2040,1,92,85%,1103,76%
Don't Worry Darling,General,9/23/2022,SUS,R,WB,19353213,9469881,45309403,4113,4121,1,72,52%,825,39%
Railway Children,Family,9/23/2022,DRA,PG,BFE,245904, ,466391,923,923,1,84,66%,69,54%
"Woman King, The",General,9/16/2022,DRA,PG13,SNY,19051442,6818682,67328130,3765,3765,1,93,87%,852,77%
Pearl,General,9/16/2022,HOR,R,A24,3128427,1319286,9423445,2935,2982,1,75,51%,552,39%
See How They Run,General,9/16/2022,SUS,PG13,SL,3007657,1107154,9586237,2404,2500,1,71,45%,408,29%
Running the Bases,General,9/16/2022,DRA,PG,UP2U,538749,195705,1511980,1080,1080,1,88,76%,146,68%
God's Country,General,9/16/2022,DRA,R,IFC,279928,96894,493679,785,785,1,68,33%,49,25%
Barbarian,General,9/9/2022,HOR,R,20TH,10543948,3843956,40842944,2340,2865,1,74,53%,839,37%
Brahmastra Part One: Shiva,General,9/9/2022,ACT,NR,FOXSTAR,4543659,1889242,7839108,810,810,1,75,56%,481,43%
Medieval,General,9/9/2022,ACT,R,VAR,821991, ,1374325,1311,1311,1,68,41%,202,33%
Honk for Jesus. Save Your Soul.,General,9/2/2022,COM,R,FOC,1422615,430605,2561270,1882,1882,1,54,28%,449,17%
Gigi & Nate,General,9/2/2022,FAM,PG13,RSA,990361,236642,2280814,1184,1220,1,81,59%,242,50%
"Invitation, The",General,8/26/2022,HOR,PG13,SNY,6805468,2681924,25100080,3114,3117,1,67,41%,778,28%
Three Thousand Years of Longing,General,8/26/2022,FAN,R,UAR,2919717,1164348,8286741,2436,2436,1,76,46%,564,38%
Breaking,General,8/26/2022,SUS,PG13,BST,985921,360925,2806358,902,909,1,79,55%,192,43%
Dragon Ball Super: Super Hero,Hybrid,8/19/2022,ANI,PG13,CRUNCHY,21124049,10915414,38023661,3018,3100,1,85,74%,1241,59%
Beast,General,8/19/2022,SUS,R,UNI,11575855,4307590,31846530,3743,3754,1,72,45%,805,31%
Fall,General,8/12/2022,SUS,PG13,LGF,2512145,927079,7240521,1548,1548,1,71,40%,384,30%
Mack & Rita,General,8/12/2022,COM,PG13,GRAV,1038291,397691,2376492,1930,1930,1,65,36%,163,30%
Bullet Train,General,8/5/2022,ACT,R,SNY,30030156,12842371,103368602,4357,4357,1,80,61%,823,48%
Bodies Bodies Bodies,General,8/5/2022,HOR,R,A24,226653,94762,11446602,6,2541,1,69,40%,643,27%
Easter Sunday,General,8/5/2022,COM,PG13,UNI,5447130,2033045,13013690,3175,3176,1,73,47%,553,35%
DC League of Super Pets,Family,7/29/2022,ANI,PG,WB,23003441,9327632,93657117,4314,4332,1,76,50%,1208,38%
Vengeance,General,7/29/2022,SUS,R,FOC,1755325,658425,4330720,998,1003,1,78,58%,426,39%
Nope,General,7/22/2022,HOR,R,UNI,44366910,19538690,123277080,3785,3807,1,79,60%,821,44%
Where The Crawdads Sing,General,7/15/2022,DRA,PG13,SNY,17253227,7264581,90230760,3650,3650,1,85,71%,800,58%
Paws of Fury: The Legend of Hank,Family,7/15/2022,ANI,PG,PAR,6321423,2446696,17811382,3475,3481,1,74,49%,654,34%
Mrs. Harris Goes to Paris,General,7/15/2022,DRA,PG,FOC,1953070,702835,10433915,980,1001,1,85,71%,374,57%
Thor: Love And Thunder,Hybrid,7/8/2022,ACT,PG13,DIS,144165107,69554073,343256830,4375,4375,1,79,64%,1225,45%
Minions: The Rise Of Gru,Family,7/1/2022,ANI,PG,UNI,107010140,48234190,370270765,4391,4427,1,86,71%,1209,58%
Mr. Malcolm's List,General,7/1/2022,COM,PG,BST,810742,306342,1885720,1384,1384,1,78,54%,293,42%
Elvis,General,6/24/2022,DRA,PG13,WB,31211579,12755467,151416153,3906,3932,1,87,71%,825,63%
"Black Phone, The",General,6/24/2022,HOR,R,UNI,23633220,10241355,90123230,3150,3156,1,84,65%,800,52%
Marcel the Shell with Shoes On,Family,6/24/2022,ANI,PG,A24,159403,82188,6333703,6,821,1,86,61%,136,59%
Lightyear,Family,6/17/2022,ANI,PG,DIS,50577961,20705945,118307188,4255,4255,1,81,61%,1200,45%
Jurassic World Dominion,Hybrid,6/10/2022,ADV,PG13,UNI,145075625,59591515,376851080,4676,4697,1,77,58%,1210,44%
"Bob's Burgers Movie, The",Hybrid,5/27/2022,ANI,PG13,20TH,12416819,5679809,31933830,3425,3425,1,85,66%,1215,57%
Top Gun Maverick,General,5/27/2022,ACT,PG13,PAR,126707459,52012661,718732821,4735,4751,1,93,86%,801,77%
Downton Abbey: A New Era,General,5/20/2022,DRA,PG,FOC,16000495,7398050,44141550,3820,3830,1,89,76%,826,68%
Men,General,5/20/2022,HOR,R,A24,3221776,1420921,7587853,2212,2212,1,60,28%,630,22%
Firestarter,General,5/13/2022,SUS,R,UNI,3827715,1549840,9739250,3412,3413,1,62,31%,636,20%
Doctor Strange in the Multiverse of Madness,Hybrid,5/6/2022,ACT,PG13,DIS,187420998,90720784,411331607,4534,4534,1,81,69%,1208,51%
Memory (2022),General,4/29/2022,ACT,R,OPRD/BCLF,3113298,1110563,7329043,2555,2555,1,73,45%,511,35%
"Bad Guys, The",Hybrid,4/22/2022,ANI,PG,UNI,23950245,7985745,97459240,4008,4042,1,82,60%,1206,47%
"Northman, The",General,4/22/2022,ACT,R,FOC,12290800,5062020,34233110,3234,3284,1,76,56%,808,45%
"Unbearable Weight Of Massive Talent, The",General,4/22/2022,COM,R,LGF,7131703,2901370,20300157,3036,3036,1,81,64%,807,48%
Fantastic Beasts: The Secrets of Dumbledore,Hybrid,4/15/2022,ADV,PG13,WB,42151256,20027334,95850844,4208,4245,1,79,60%,1207,47%
Father Stu: Reborn,General,4/13/2022,DRA,PG13,SNY,5402642,1550921,21096678,2705,2705,1,86,74%,621,63%
Sonic The Hedgehog 2,Family,4/8/2022,ANI,PG,PAR,72105176,26381096,190872904,4234,4258,1,86,73%,1239,59%
Ambulance,General,4/8/2022,SUS,R,UNI,8699630,3202075,22781115,3412,3412,1,78,59%,808,48%
Morbius,Hybrid,4/1/2022,ACT,PG13,SNY,39005895,17305908,73865530,4268,4268,1,66,46%,1209,33%
"Lost City, The",General,3/25/2022,COM,PG13,PAR,30453269,11531544,105344029,4253,4283,1,80,60%,815,42%
Everything Everywhere All at Once,General,3/25/2022,SCI,R,A24,501305,203900,77169469,10,2220,1,89,75%,813,72%
Jujutsu Kaisen 0,Hybrid,3/18/2022,ANI,PG13,CRUNCHY,18012000,8679692,34532597,2286,2471,1,90,80%,1202,70%
X (2022),General,3/18/2022,HOR,R,A24,4275126,1776300,11769469,2865,2920,1,72,45%,804,31%
"Outfit, The",General,3/18/2022,DRA,R,FOC,1499730,530790,3344040,1324,1328,1,77,53%,362,42%
Umma,General,3/18/2022,HOR,PG13,SNY,915290,339301,2121025,805,805,1,62,35%,357,26%
"Batman, The",Hybrid,3/4/2022,ACT,PG13,WB,134008624,56608349,369345583,4417,4417,1,85,71%,1204,57%
Studio 666,General,2/25/2022,HOR,R,OPRD/BCLF,1540543,721421,2513963,2306,2306,1,71,46%,502,31%
Uncharted,Hybrid,2/18/2022,ACT,PG13,SNY,44010155,15376642,148648820,4275,4275,1,80,62%,1251,47%
Dog,Hybrid,2/18/2022,COM,PG13,UAR,14883928,5059267,61778069,3677,3827,1,83,66%,1064,49%
"Cursed, The (2022)",General,2/18/2022,HOR,R,NEON,1776142,598552,4588389,1687,1695,1,65,37%,361,24%
Marry Me,General,2/11/2022,RCOM,PG13,UNI,7949980,2962045,22438180,3642,3643,1,80,65%,831,48%
Death on the Nile,General,2/11/2022,DRA,PG13,20TH,12891123,5069471,45630104,3280,3420,1,77,56%,816,37%
Blacklight,General,2/11/2022,ACT,PG13,BCLF,3502475,1235180,9591094,2772,2772,1,68,43%,431,28%
Jackass Forever,General,2/4/2022,COM,R,PAR,23154388,9612731,57743451,3645,3653,1,85,67%,829,57%
Moonfall,General,2/4/2022,ACT,PG13,LGF,9868997,3404657,19060660,3446,3446,1,70,47%,804,34%
"Wolf And The Lion, The",General,2/4/2022,FAM,PG,BFE,641845, ,2072173,1005,1005,1,85,68%,110,56%
Redeeming Love,General,1/21/2022,DRA,PG13,UNI,3530180,1493775,9214020,1903,1963,1,86,72%,464,66%
"King's Daughter, The",Hybrid,1/21/2022,ACT,PG,GRAV,723803,250713,1626603,2170,2170,1,69,41%,175,26%
Scream,General,1/14/2022,HOR,R,PAR,30018805,13383642,81641405,3664,3666,1,78,59%,835,44%
Belle (2022),Hybrid,1/14/2022,ANI,PG,GKIDS,1565658,727512,4018313,1338,1338,1,85,68%,575,56%
"355, The",General,1/7/2022,SUS,PG13,UNI,4621765,1722760,14570455,3145,3145,1,74,50%,695,34%
American Underdog,Hybrid,12/25/2021,DRA,PG,LGF,5861836,4188895,26514814,2813,2813,1,89,81%,318,67%
"Journal For Jordan, A",General,12/25/2021,DRA,PG13,SNY,2201886,1376032,6545174,2500,2500,1,87,71%,224,63%
Sing 2,Family,12/22/2021,ANI,PG,UNI,22326230,8134635,162790990,3892,3892,1,87,75%,1139,62%
"King's Man, The",General,12/22/2021,ACT,R,20TH,5915542,2275412,37176373,3180,3180,1,77,57%,777,39%
"Matrix Resurrections, The",General,12/22/2021,ACT,R,WB,10749011,6371768,37686805,3552,3552,1,72,52%,752,36%
Spider-Man: No Way Home,Hybrid,12/17/2021,ACT,PG13,SNY,260138569,121964712,814812737,4336,4336,1,94,90%,1205,82%
Nightmare Alley,General,12/17/2021,DRA,R,SL,2811703,1195749,11338107,2145,2145,1,76,52%,498,40%
West Side Story,General,12/10/2021,MUS,PG13,20TH,10574618,4133219,38530322,2820,2820,1,86,71%,1207,64%
National Champions,General,12/10/2021,DRA,R,STX,301028,121311,475488,1197,1197,1,68,42%,170,23%
Encanto,Family,11/24/2021,ANI,PG,DIS,27206494,7553221,96093622,3980,3980,1,87,73%,1207,63%
House Of Gucci,General,11/24/2021,DRA,R,UAR,14423794,4204526,53809574,3441,3477,1,79,56%,813,43%
Resident Evil: Welcome to Raccoon City,General,11/24/2021,ACT,R,SNY,5319280,2505531,17000612,2803,2803,1,70,45%,809,32%
Ghostbusters: Afterlife,Hybrid,11/19/2021,ACT,PG13,SNY,44008406,16652383,129360575,4315,4315,1,83,69%,1259,54%
King Richard,General,11/19/2021,DRA,PG13,WB,5406033,1938934,15129285,3302,3302,1,91,81%,715,71%
Clifford The Big Red Dog,Family,11/10/2021,ANI,PG,PAR,16627491,2300172,48947356,3407,3700,1,82,59%,1209,53%
Eternals,Hybrid,11/5/2021,ACT,PG13,DIS,71297219,30844219,164870234,4090,4090,1,78,60%,1235,42%
Spencer,General,11/5/2021,DRA,R,NEON,2104764,783110,7086632,996,1265,1,77,53%,351,44%
My Hero Academia: World Heroes' Mission,Hybrid,10/29/2021,ANI,PG13,CRUNCHY,6263331,2901950,12217725,1600,1600,1,88,75%,1203,64%
Last Night In Soho,General,10/29/2021,SUS,R,FOC,4178460,1907305,10127625,3016,3016,1,77,57%,801,43%
Antlers,General,10/29/2021,HOR,R,SL,4271346,1701464,10619670,2800,2800,1,67,37%,724,26%
"Mouthful of Air, A",General,10/29/2021,DRA,R,SNY,130701,46925,269435,816,816,1,82,63%,106,56%
Ron's Gone Wrong,Family,10/22/2021,ANI,PG,20TH,7300225,2290000,23009270,3560,3560,1,75,50%,862,40%
Dune,General,10/22/2021,ACT,PG13,WB,41011174,17487555,108327830,4125,4125,1,83,66%,800,56%
"French Dispatch, The",General,10/22/2021,COM,R,SL,1348804,556491,16124375,52,1225,1,81,67%,396,49%
Halloween Kills,General,10/15/2021,HOR,R,UNI,49404980,22830935,92002155,3705,3727,1,73,52%,834,39%
"Last Duel, The",General,10/15/2021,DRA,R,20TH,4759151,1872753,10853945,3065,3065,1,73,50%,800,35%
No Time To Die,General,10/8/2021,ACT,PG13,UAR,55225007,23310401,160891007,4407,4407,1,81,61%,813,47%
Venom: Let There Be Carnage,Hybrid,10/1/2021,ACT,PG13,SNY,90033210,37417184,213550366,4225,4225,1,79,65%,1215,47%
"Addams Family 2, The",Family,10/1/2021,ANI,PG,UAR,17325007,5627051,56489153,4207,4207,1,77,54%,1201,39%
"Many Saints of Newark, The",General,10/1/2021,DRA,R,WB,4651571,2055146,8237403,3181,3181,1,75,55%,748,35%
Dear Evan Hansen,General,9/24/2021,MUS,PG13,UNI,7443830,3280865,15002646,3364,3364,1,76,54%,804,45%
Copshop,General,9/17/2021,ACT,R,OPRD/BCLF,2315638,950116,5213243,3005,3005,1,68,39%,580,26%
Cry Macho,General,9/17/2021,DRA,PG13,WB,4426161,1613754,10310734,3967,4022,1,72,46%,456,35%
"Eyes Of Tammy Faye, The",General,9/17/2021,DRA,PG13,SL,652358,246500,2404127,450,1352,1,70,38%,143,25%
Malignant,General,9/10/2021,HOR,R,WB,5434620,2002127,13391791,3485,3501,1,66,39%,813,28%
Show Me the Father,General,9/10/2021,DOC,PG,SNY,700181,291162,1803226,1073,1073,1,82,63%,262,48%
Shang-Chi and the Legend of the Ten Rings,Hybrid,9/3/2021,ACT,PG13,DIS,75388688,29502259,224543292,4300,4300,1,89,79%,1241,67%
Candyman,General,8/27/2021,HOR,R,UNI,22001750,9215245,61186570,3569,3569,1,76,56%,805,41%
"Night House, The",General,8/20/2021,HOR,R,SL,2859409,1077363,7100581,2240,2240,1,67,37%,642,20%
Paw Patrol,Family,8/20/2021,ANI,G,PAR,13148340,4523426,40127371,3184,3189,1,81,77%,639,48%
"Protege, The",General,8/20/2021,ACT,R,LGF,2908221,1140407,7446823,2577,2577,1,74,51%,589,28%
Reminiscence,General,8/20/2021,ACT,PG13,WB,1950793,684732,3900193,3265,3265,1,70,43%,446,25%
Free Guy,Hybrid,8/13/2021,COM,PG13,20TH,28365416,10445933,121626598,4165,4165,1,84,66%,1305,53%
Respect,General,8/13/2021,MUS,PG13,UAR,8807513,3610576,24278399,3207,3207,1,88,75%,832,65%
Don't Breathe 2,General,8/13/2021,HOR,R,SNY,10622473,4393857,32712950,3005,3005,1,76,55%,805,37%
"Suicide Squad, The",General,8/6/2021,ACT,R,WB,26205415,12008768,55817425,4002,4019,1,81,62%,965,47%
Jungle Cruise,Family,7/30/2021,ADV,PG13,DIS,35018731,13459236,116979516,4310,4310,1,79,57%,1274,41%
"Green Knight, The",General,7/30/2021,ADV,R,A24,6790917,2879578,17077849,2790,2798,1,68,37%,800,26%
Stillwater,General,7/30/2021,DRA,R,FOC,5188150,1854155,14465535,2531,2611,1,70,37%,736,24%
Snake Eyes,Hybrid,7/23/2021,ACT,PG13,PAR,13367853,5502897,28264325,3521,3540,1,71,47%,1218,30%
Old,General,7/23/2021,SUS,PG13,UNI,16854735,6897470,48276510,3355,3379,1,66,38%,816,22%
Joe Bell,General,7/23/2021,DRA,R,RSA,749635,245645,1405488,1094,1094,1,81,56%,190,50%
Space Jam: A New Legacy,Family,7/16/2021,COM,PG,WB,31053362,13154620,70592228,3965,4002,1,76,56%,1232,43%
Escape Room: Tournament of Champions,General,7/16/2021,HOR,PG13,SNY,8801391,3850310,25314753,2815,2815,1,72,44%,831,31%
Roadrunner: A Film About Anthony Bourdain,General,7/16/2021,DOC,R,FOC,1988795,781675,5354970,927,954,1,86,64%,250,54%
Black Widow,Hybrid,7/9/2021,ACT,PG13,DIS,80366312,39510446,183651655,4160,4275,1,85,71%,1210,55%
"Boss Baby: Family Business, The",Family,7/2/2021,ANI,PG,UNI,16000665,7850390,57300280,3644,3688,1,75,50%,1079,37%
"Forever Purge, The",General,7/2/2021,HOR,R,UNI,12551220,5770300,44539245,3051,3058,1,75,54%,800,39%
Zola,General,6/30/2021,DRA,R,A24,1200013,504992,4835444,1468,1468,1,70,41%,401,30%
F9 The Fast Saga,Hybrid,6/25/2021,ACT,PG13,UNI,70043165,29858750,173005945,4179,4203,1,78,60%,1202,44%
"Hitman's Wife's Bodyguard, The",General,6/16/2021,ACT,R,LGF,11397820,3932389,38014727,2940,3361,1,77,56%,806,41%
Peter Rabbit 2: The Runaway,Family,6/11/2021,FAM,PG,SNY,10101066,3987943,40501717,3346,3346,1,76,47%,1238,32%
In the Heights,General,6/11/2021,MUS,PG13,WB,11504710,5002178,29975167,3456,3509,1,85,67%,800,56%
12 Mighty Orphans,General,6/11/2021,DRA,PG13,SPC,251569, ,3690026,132,1047,1,78,67%,261,52%
Spirit Untamed,Family,6/4/2021,ANI,PG,UNI,6101050,2458025,17716215,3211,3394,1,76,45%,951,32%
"Conjuring: The Devil Made Me Do It, The",General,6/4/2021,HOR,R,WB,24104332,9807064,65631050,3102,3280,1,75,54%,801,34%
Cruella,Hybrid,5/28/2021,FAM,PG13,DIS,21496997,7707778,86103234,3892,3922,1,83,63%,1200,52%
"Quiet Place Part II, A",General,5/28/2021,HOR,PG13,PAR,47547231,19368427,160215764,3726,3744,1,81,62%,812,47%
Dream Horse,General,5/21/2021,DRA,PG,BST,794741,260429,2913328,1254,1284,1,82,60%,253,42%
Spiral (dir. Bousman),General,5/14/2021,HOR,R,LGF,8750034,3728976,23216862,2811,2991,1,70,44%,814,29%
Those Who Wish Me Dead,General,5/14/2021,SUS,R,WB,2831382,902205,7407200,3188,3379,1,71,46%,602,29%
Finding You,General,5/14/2021,COM,PG,RSA,920476,326433,2754329,1312,1447,1,74,43%,225,31%
Profile,General,5/14/2021,SUS,R,FOC,730290,261895,1744740,2033,2104,1,71,40%,176,29%
Wrath Of Man,General,5/7/2021,ACT,R,UAR,8309007,2972375,27466489,2875,3007,1,78,55%,816,39%
Here Today,General,5/7/2021,COM,PG13,SNY,1042171,257913,2807494,1200,1230,1,70,43%,211,29%
Separation,General,4/30/2021,HOR,R,OPRD/BCLF,1800162,684608,4509143,1751,1911,1,54,27%,445,15%
Demon Slayer the Movie: Mugen Train,General,4/23/2021,ANI,R,CRUNCHY,21236356,9549350,49399083,1600,2100,1,89,77%,838,68%
Mortal Kombat,General,4/23/2021,ACT,R,WB,23416538,9107655,42326031,3073,3114,1,78,57%,825,43%
Voyagers,General,4/9/2021,SCI,PG13,LGF,1379988,518397,3149935,1972,1996,1,63,29%,587,20%
"Unholy, The",General,4/2/2021,HOR,PG13,SNY,3153456,1221214,15532137,1850,2057,1,64,37%,816,25%
"Girl Who Believes in Miracles, The",Family,4/2/2021,FAM,PG,ATLAS,546000,210000,3163362,640,1012,1,79,56%,181,39%
Godzilla vs. Kong,Hybrid,3/31/2021,ACT,PG13,WB,31625971,9704330,100916094,2409,3084,1,84,68%,1200,53%
Nobody,General,3/26/2021,ACT,R,UNI,6820100,2508415,27568035,2460,2567,1,84,70%,840,56%
"Courier, The",General,3/19/2021,SUS,PG13,RSA,1885829,671968,6613432,1433,1641,1,83,62%,805,53%
Long Weekend,General,3/12/2021,DRA,R,SNY,245182,88126,1018532,814,821,1,67,33%,167,25%
Raya And The Last Dragon,Family,3/5/2021,ANI,PG,DIS,8502498,2603122,54723032,2045,2375,1,89,78%,1216,68%
Chaos Walking,General,3/5/2021,ACT,PG13,LGF,3775350,1326427,13287908,1980,2132,1,72,43%,806,31%
Boogie,General,3/5/2021,DRA,R,FOC,1200165,441050,4178620,1252,1272,1,71,48%,424,35%
Tom & Jerry,Family,2/26/2021,FAM,PG,WB,14112629,4048126,46536687,2475,2563,1,81,58%,1221,51%
"Father, The",General,2/26/2021,DRA,PG13,SPC, , ,2122771,4,933,1,84,57%,173,56%
Judas and the Black Messiah,General,2/12/2021,DRA,R,WB,2027076,528167,5478009,1888,1906,1,87,74%,811,62%
Land,General,2/12/2021,DRA,PG13,FOC,899810,259585,2577830,1231,1349,1,77,42%,285,40%
"Little Things, The",General,1/29/2021,SUS,R,WB,4705527,1601437,15342746,2171,2206,1,69,37%,810,27%
Our Friend,General,1/22/2021,DRA,R,GRAV,240160, ,642187,543,818,1,77,49%,73,31%
"Marksman, The",General,1/15/2021,ACT,PG13,OPRD/BCLF,3104204,1050151,15566093,1975,2018,1,73,43%,791,30%
Wonder Woman 1984,Hybrid,12/25/2020,ACT,PG13,WB,16701957,7482427,46801036,2151,2218,1,79,61%,1201,46%
News Of The World,General,12/25/2020,DRA,PG13,UNI,2250430,1000325,12668325,1900,1986,1,79,50%,439,40%
Promising Young Woman,General,12/25/2020,DRA,R,FOC,719305,256800,6460965,1310,1448,1,74,42%,264,34%
Pinocchio (2019),Hybrid,12/25/2020,FAM,PG13,RSA,272109,107305,1831718,786,824,1,69,31%,158,19%
Monster Hunter,General,12/18/2020,ACT,PG13,SNY,2201269,824964,15162470,1736,1817,1,68,39%,819,26%
Fatale,General,12/18/2020,SUS,R,LGF,918112,339495,6306897,1107,1222,1,78,55%,357,40%
Half Brothers,General,12/4/2020,DRA,PG13,FOC,700160,237450,2241980,1369,1386,1,77,46%,245,35%
All My Life,General,12/4/2020,DRA,PG13,UNI,370315,141710,927610,970,970,1,75,47%,227,38%
"Croods: A New Age, The",Family,11/25/2020,ANI,PG,UNI,9724200,1880615,58568815,2211,2211,1,82,58%,1230,49%
Vanguard,General,11/20/2020,ACT,PG13,GRAV,380428,127665,781605,1375,1375,1,76,54%,164,42%
"Last Vermeer, The",General,11/20/2020,DRA,R,SNY,225691,84036,685380,912,912,1,77,51%,70,48%
Freaky,General,11/13/2020,HOR,R,UNI,3600355,1486810,9048240,2472,2472,1,78,53%,838,39%
Let Him Go,General,11/6/2020,DRA,R,FOC,4000470,1479580,9358025,2454,2458,1,78,49%,761,35%
Come Play,General,10/30/2020,HOR,PG13,FOC,3119875,1094030,10475990,2183,2213,1,66,36%,617,22%
"Empty Man, The",General,10/23/2020,SUS,R,FOX,1310326,456548,2992948,2027,2051,1,57,25%,450,19%
Honest Thief,General,10/16/2020,ACT,PG13,OPRD/BCLF,3607966,1319000,14176835,2425,2502,1,78,55%,700,40%
2 Hearts,General,10/16/2020,DRA,PG13,FREE,522937,196029,1349284,1683,1683,1,72,40%,159,33%
"Kid Detective, The",General,10/16/2020,COM,R,SNY,140218,43741,364138,865,865,1,71,38%,98,28%
"War With Grandpa, The",Family,10/9/2020,COM,PG,101S,3623880,1102100,21277892,2250,2365,1,74,48%,594,38%
Yellow Rose,General,10/8/2020,DRA,PG13,SNY,150330,19838,367849,900,900,1,68,32%,97,29%
"Last Shift, The",General,9/25/2020,COM,R,SNY,246491,101275,1034467,871,886,1,66,28%,187,20%
Infidel,General,9/18/2020,DRA,R,CLOUD,1384296,528056,4051990,1724,1885,1,73,40%,414,30%
"Broken Hearts Gallery, The",General,9/11/2020,COM,PG13,SNY,1126401,440725,4067442,2209,2221,1,82,65%,183,54%
Tenet,General,9/3/2020,ACT,PG13,WB,9353090,4986442,58504105,324,2930,1,77,49%,812,40%
"New Mutants, The",General,8/28/2020,ACT,PG13,FOX,7037017,3113501,23852659,2412,2754,1,68,41%,800,30%
"Personal History Of David Copperfield, The",General,8/28/2020,DRA,PG,FSL,475800,174275,1876298,1360,1550,1,80,49%,84,41%
Unhinged,General,8/21/2020,SUS,R,SOLS,4020761,1480282,20831464,1823,2402,1,75,46%,654,39%
Words On Bathroom Walls,Hybrid,8/21/2020,ROMANCE,PG13,RSA,432968,148288,2542518,924,1395,1,81,53%,220,51%
I Still Believe,Hybrid,3/13/2020,DRA,PG,LGF,9103614,3993234,10410005,3250,3250,1,83,64%,846,51%
Bloodshot,General,3/13/2020,ACT,PG13,SNY,9176695,3801099,12561824,2861,2861,1,72,44%,746,29%
"Hunt, The",General,3/13/2020,SUS,R,UNI,5304455,2210940,9830150,3028,3028,1,70,36%,631,24%
Onward,Family,3/6/2020,ANI,PG,DIS,39119861,12096726,61555145,4310,4310,1,81,60%,1202,46%
"Way Back, The (2020)",General,3/6/2020,DRA,R,WB,8170315,2617147,13677595,2718,2718,1,77,52%,809,34%
"Invisible Man, The (2020)",General,2/28/2020,SUS,R,UNI,28205665,9979880,70434300,3610,3636,1,77,52%,1053,37%
My Hero Academia: Heroes Rising,Hybrid,2/26/2020,ANI,PG13,CRUNCHY,5839751,2559029,13718851,1275,1275,1,88,74%,883,61%
"Call of the Wild, The",Family,2/21/2020,ADV,PG,FOX,24791624,8049028,62342368,3752,3914,1,80,56%,1212,46%
Brahms: The Boy II,General,2/21/2020,HOR,PG13,STX,5823006,2210191,12611536,2151,2151,1,58,24%,827,13%
Emma (2020),General,2/21/2020,COM,PG,FOC,234482,79626,10055355,5,1732,1,73,41%,788,30%
Impractical Jokers: The Movie,General,2/21/2020,COM,PG13,IND,2449888,792346,10145677,357,1817,1,69,31%,305,25%
Sonic The Hedgehog,Family,2/14/2020,ANI,PG,PAR,58018348,20924364,148974665,4167,4198,1,81,62%,1202,47%
Blumhouse's Fantasy Island,General,2/14/2020,HOR,PG13,SNY,12310420,5410273,27309289,2784,2784,1,62,33%,812,22%
"Photograph, The (2020)",General,2/14/2020,DRA,PG13,UNI,12181865,6287485,20578185,2516,2516,1,74,49%,802,35%
Downhill (2019),General,2/14/2020,DRA,R,FSL,4622018,2098824,8287061,2301,2311,1,59,27%,514,16%
Birds Of Prey (And The Fantabulous Emancipation Of One Harley Quinn),General,2/7/2020,ACT,R,WB,33010017,12964681,84420259,4236,4236,1,80,61%,831,44%
Gretel And Hansel,General,1/31/2020,HOR,PG13,UAR,6154007,2344557,15347654,3007,3007,1,55,20%,782,13%
"Rhythm Section, The",General,1/31/2020,SUS,R,PAR,2715384,1151793,5437971,3049,3049,1,67,32%,754,20%
"Gentlemen, The",General,1/24/2020,ACT,R,STX,10651884,3728898,36471795,2165,2675,1,76,50%,801,36%
"Turning, The",General,1/24/2020,HOR,PG13,UNI,6950045,2519605,15472775,2571,2571,1,52,25%,709,14%
Dolittle,Family,1/17/2020,ADV,PG,UNI,21844045,6210110,78500435,4155,4155,1,68,39%,1112,29%
Bad Boys For Life,General,1/17/2020,ACT,R,SNY,62504105,23601382,206305244,3775,3775,1,85,70%,822,57%
Like A Boss,General,1/10/2020,COM,R,PAR,10011272,3900185,22169514,3078,3081,1,72,44%,800,30%
Underwater,General,1/10/2020,HOR,PG13,FOX,7008297,2497331,17291078,2791,2791,1,66,34%,800,20%
"Grudge, The",General,1/3/2020,HOR,R,SNY,11404113,5355614,21221803,2642,2642,1,50,22%,855,12%
Little Women,Hybrid,12/25/2019,DRA,PG,SNY,16755310,6424443,108101215,3308,3308,1,82,60%,1219,49%
Spies In Disguise,Family,12/25/2019,ANI,PG,FOX,13354798,4760910,66757013,3502,3502,1,75,45%,1205,33%
1917,General,12/25/2019,DRA,R,UNI,576216,251262,159430674,11,3987,1,83,65%,818,51%
Just Mercy,General,12/25/2019,DRA,PG13,WB,107858,81072,36046000,4,2457,1,85,69%,815,57%
Star Wars: The Rise Of Skywalker,Hybrid,12/20/2019,ADV,PG13,DIS,177383864,89615288,515202542,4406,4406,1,80,66%,1212,48%
Cats,Hybrid,12/20/2019,MUS,PG,UNI,6619870,2599660,27166770,3380,3380,1,62,45%,1200,24%
Jumanji: The Next Level,Hybrid,12/13/2019,ACT,PG13,SNY,59251543,19722984,320314960,4227,4227,1,78,57%,1222,38%
Richard Jewell,General,12/13/2019,DRA,R,WB,4705265,1557411,22373996,2502,2502,1,75,53%,820,30%
Black Christmas,General,12/13/2019,HOR,PG13,UNI,4240245,1809875,11083650,2625,2625,1,64,37%,808,20%
Uncut Gems,General,12/13/2019,SUS,R,A24,537242,212201,50023780,5,2686,1,72,44%,775,33%
Bombshell,General,12/13/2019,DRA,R,LGF,319157,136953,31762808,4,1721,1,77,62%,605,37%
Playmobil: The Movie,Family,12/6/2019,ANI,PG,STX,656530,174657,1115008,2337,2337,1,69,37%,475,31%
Queen & Slim,General,11/27/2019,DRA,R,UNI,11890490,1739550,43808310,1690,1715,1,85,71%,835,55%
Knives Out,General,11/27/2019,DRA,PG13,LGF,26769548,8473334,165363254,3391,3461,1,83,67%,829,50%
Frozen 2 (2019),Family,11/22/2019,ANI,PG,DIS,130263358,42205262,477373578,4440,4440,1,85,68%,1215,60%
"Beautiful Day In The Neighborhood, A",General,11/22/2019,DRA,PG,SNY,13251238,4545333,61704055,3235,3491,1,80,61%,817,43%
21 Bridges,General,11/22/2019,SUS,R,STX,9261268,3333513,28539757,2665,2665,1,77,52%,812,33%
Dark Waters,General,11/22/2019,DRA,PG13,FOC,102606,38324,11867634,4,2112,1,73,48%,584,27%
Ford v. Ferrari,General,11/15/2019,DRA,PG13,FOX,31474958,11011525,117624357,3528,3746,1,83,63%,806,48%
Charlie's Angels,General,11/15/2019,ACT,PG13,SNY,8351109,3149308,17803077,3452,3452,1,73,46%,800,28%
"Good Liar, The",General,11/15/2019,DRA,R,WB,5605051,1644452,17209763,2439,2454,1,73,42%,612,25%
Playing With Fire,Family,11/8/2019,COM,PG,PAR,12723781,3531477,44451847,3125,3185,1,72,37%,1209,34%
Last Christmas,General,11/8/2019,RCOM,PG13,UNI,11441055,4050750,35286920,3448,3454,1,74,50%,818,28%
Doctor Sleep,General,11/8/2019,SUS,R,WB,14114124,5221203,31604489,3855,3855,1,79,52%,806,38%
Midway,General,11/8/2019,ACT,PG13,LGF,17897419,6345369,56846802,3242,3242,1,80,58%,806,41%
Terminator: Dark Fate,General,11/1/2019,ACT,R,PAR,29033832,10551130,62253077,4086,4086,1,76,54%,811,34%
Harriet,General,11/1/2019,DRA,PG13,FOC,11676720,3894695,44015835,2059,2186,1,85,67%,810,55%
Arctic Dogs,Family,11/1/2019,ANI,PG,ESMP,2901335,686571,5801249,2844,2844,1,67,37%,632,22%
Motherless Brooklyn,General,11/1/2019,DRA,R,WB,3500454,1047322,9277736,1342,1342,1,73,44%,419,28%
Countdown (2019),General,10/25/2019,HOR,PG13,STX,8865082,3165278,25621766,2675,2675,1,69,42%,822,23%
Black And Blue,General,10/25/2019,SUS,R,SNY,8376846,3056269,22055313,2062,2062,1,77,54%,813,35%
"Current War, The - Director's Cut",General,10/25/2019,DRA,PG13,101S,2633717,950027,5979540,1022,1082,1,77,50%,408,34%
Western Stars,General,10/25/2019,DOC,PG,WB,560282,190121,1592533,537,553,1,76,47%,201,39%
Maleficent: Mistress Of Evil,Family,10/18/2019,ADV,PG,DIS,36948713,12551906,113929605,3790,3820,1,82,62%,1229,49%
Zombieland: Double Tap,General,10/18/2019,COM,R,SNY,26803104,10534700,73266775,3468,3468,1,80,61%,844,43%
Jojo Rabbit,General,10/18/2019,COM,PG13,FSL,349555,142110,33370906,5,1173,1,79,57%,462,43%
"Lighthouse, The (2019)",General,10/18/2019,DRA,R,A24,427797,170003,10867104,8,978,1,72,43%,323,30%
"Addams Family, The",Family,10/11/2019,ANI,PG,UAR,30300007,9716240,100723831,4007,4207,1,77,53%,1200,35%
Gemini Man,General,10/11/2019,ACT,PG13,PAR,20552372,7484424,48546770,3642,3642,1,77,52%,808,37%
Jexi,General,10/11/2019,COM,R,LGF,3106730,1140762,6546159,2332,2332,1,67,40%,519,27%
Parasite,General,10/11/2019,DRA,R,NEON,393216,128272,53369745,3,2001,1,82,57%,365,47%
Joker,General,10/4/2019,SUS,R,WB,96202337,39350693,335669224,4374,4374,1,82,64%,836,47%
Abominable (2019),Family,9/27/2019,ANI,PG,UNI,20612100,5654440,61752260,4242,4248,1,82,54%,1200,44%
Judy,General,9/27/2019,DRA,PG13,RSA,2916548,900327,24319961,461,1627,1,78,49%,555,40%
Downton Abbey,General,9/20/2019,DRA,PG,FOC,31033665,13828975,96853865,3079,3548,1,83,68%,832,53%
Rambo: Last Blood,General,9/20/2019,ACT,R,LGF,18872919,7170439,44819352,3618,3618,1,75,54%,816,38%
Ad Astra,General,9/20/2019,SCI,PG13,FOX,19001398,7148625,50188370,3460,3460,1,70,44%,802,23%
Hustlers,General,9/13/2019,DRA,R,STX,33181361,13099693,104963598,3250,3525,1,75,50%,801,32%
"Goldfinch, The",General,9/13/2019,DRA,R,WB,2679027,868127,5332621,2542,2542,1,69,38%,589,21%
IT Chapter Two,General,9/6/2019,HOR,R,WB,91062152,37043656,211868617,4570,4570,1,76,56%,820,36%
Don't Let Go,General,8/30/2019,SUS,R,OTL,2338669,760446,5217112,922,922,1,74,47%,547,30%
Bennett's War,General,8/30/2019,DRA,PG13,FORREST,430898,143675,1030734,970,970,1,72,38%,232,23%
Angel Has Fallen,General,8/23/2019,ACT,R,LGF,21380987,7958653,69030436,3286,3336,1,80,61%,800,41%
Overcomer (2019),Hybrid,8/23/2019,DRA,PG,SNY,8146533,3043455,34746945,1723,2293,1,85,62%,741,56%
Brittany Runs A Marathon,General,8/23/2019,COM,R,AMZN,180711,69321,7136343,5,1033,1,74,48%,267,28%
Ready Or Not,General,8/21/2019,HOR,R,FSL,8015590,1876458,28714231,2270,2957,1,74,51%,807,30%
Good Boys,General,8/16/2019,COM,R,UNI,21402605,8314980,83215075,3204,3458,1,81,62%,820,42%
47 Meters Down: Uncaged,General,8/16/2019,SUS,PG13,ESMP,8427265,3067463,22260900,2853,2883,1,71,44%,744,24%
Blinded By The Light,General,8/16/2019,COM,PG13,WB,4333305,1403136,11901145,2307,2307,1,82,61%,722,41%
Where'd You Go Bernadette,General,8/16/2019,COM,PG13,UAR,3462308,1228197,9198356,2404,2404,1,76,51%,712,32%
"Angry Birds Movie 2, The",Family,8/13/2019,ANI,PG,SNY,10354073,2603947,41667116,3869,3869,1,72,44%,1187,29%
Dora and the Lost City of Gold,Family,8/9/2019,FAM,PG,PAR,17431588,6463828,60477943,3735,3735,1,75,54%,1215,33%
"Art Of Racing In The Rain, The",Hybrid,8/9/2019,COM,PG,FOX,8137584,2971423,26402818,2765,2765,1,79,60%,1171,38%
"Kitchen, The (2019)",General,8/9/2019,DRA,R,WB,5527410,1776847,12180032,2745,2745,1,72,46%,822,23%
Scary Stories To Tell In The Dark,General,8/9/2019,SUS,PG13,LGF,20915346,8781643,68947075,3135,3135,1,72,51%,809,25%
Brian Banks,General,8/9/2019,DRA,PG13,BST,2156272,760933,4376820,1240,1240,1,81,61%,529,44%
"Peanut Butter Falcon, The",General,8/9/2019,COM,PG13,RSA,204793,69208,20457158,17,1490,1,79,55%,278,34%
Fast & Furious Presents: Hobbs & Shaw,Hybrid,8/2/2019,ACT,PG13,UNI,60038950,23605520,174081225,4253,4344,1,79,63%,1220,40%
Once Upon A Time In Hollywood,General,7/26/2019,DRA,R,SNY,41082018,16726119,142502728,3659,3659,1,80,58%,821,44%
"Lion King, The",Family,7/19/2019,ADV,PG,DIS,191770759,77930758,543638043,4725,4802,1,83,67%,1209,49%
Stuber,General,7/12/2019,COM,R,FOX,8225384,3105497,22370452,3050,3050,1,72,46%,805,28%
Crawl,General,7/12/2019,HOR,R,PAR,12005210,4353462,39014193,3170,3170,1,70,44%,801,27%
"Farewell, The",General,7/12/2019,COM,PG,A24,355662,112346,17700478,4,891,1,77,51%,174,28%
Midsommar,General,7/3/2019,HOR,R,A24,6560030,3007568,27426361,2585,2707,1,72,44%,905,30%
Spider-Man: Far From Home,Hybrid,7/2/2019,ACT,PG13,SNY,92579212,39255628,391325214,4634,4634,1,86,73%,1230,56%
Yesterday (2019),General,6/28/2019,COM,PG13,UNI,17010050,6049775,73286650,2603,2755,1,80,58%,805,45%
Annabelle Comes Home,General,6/26/2019,HOR,R,WB,20269723,7187174,74281715,3525,3613,1,67,42%,801,24%
Toy Story 4,Family,6/21/2019,ANI,G,DIS,120908065,47406956,434038008,4575,4575,1,88,75%,1243,62%
Child's Play,General,6/21/2019,HOR,R,UAR,14094594,6107709,29208403,3007,3007,1,67,42%,801,23%
Anna (2019),General,6/21/2019,ACT,R,LGF,3600647,1358919,7743794,2114,2114,1,71,44%,530,26%
Men In Black International,Hybrid,6/14/2019,SCI,PG13,SNY,30035838,10504864,80001807,4224,4224,1,75,49%,1204,33%
Shaft,General,6/14/2019,ACT,R,WB,8901419,2728728,21360215,2952,2952,1,78,56%,800,37%
"Secret Life Of Pets 2, The",Family,6/7/2019,ANI,PG,UNI,46652680,16339735,159214420,4561,4564,1,80,59%,1210,45%
Dark Phoenix,Hybrid,6/7/2019,ACT,PG13,FOX,32828348,14035959,65845974,3721,3721,1,68,43%,1208,30%
Late Night,General,6/7/2019,COM,R,AMZN,246305,90448,15500044,4,2220,1,75,48%,749,32%
Godzilla: King Of The Monsters (2019),Hybrid,5/31/2019,ACT,PG13,WB,47776293,19476894,110517194,4108,4108,1,80,62%,1210,45%
Rocketman,General,5/31/2019,DRA,R,PAR,25725722,9170655,96368160,3610,3610,1,81,60%,830,44%
Ma (2019),General,5/31/2019,HOR,R,UNI,18099805,7242140,45896030,2808,2816,1,70,42%,800,24%
Aladdin,Family,5/24/2019,ADV,PG,DIS,91500929,31358935,355559216,4476,4476,1,84,67%,1216,50%
Brightburn,General,5/24/2019,HOR,R,SNY,7845658,3000854,17300439,2607,2607,1,69,41%,827,24%
Booksmart,General,5/24/2019,COM,R,UAR,6933620,2479902,22680962,2505,2518,1,77,55%,826,38%
"Dog's Journey, A",Family,5/17/2019,FAM,PG,UNI,8030085,2521285,22782370,3267,3279,1,79,56%,1204,40%
John Wick: Chapter 3 - Parabellum (2019),General,5/17/2019,ACT,R,LGF,56818067,22636381,171015687,3850,3850,1,85,69%,804,51%
"Sun Is Also A Star, The",General,5/17/2019,DRA,PG13,WB,2511530,1037813,4950029,2073,2073,1,71,39%,740,27%
Pokemon Detective Pikachu,Family,5/10/2019,ADV,PG,WB,54365242,20575704,144223672,4202,4248,1,81,65%,1205,46%
"Hustle, The",General,5/10/2019,COM,PG13,UAR,13007709,3997560,35417038,3007,3077,1,70,41%,802,23%
Tolkien,General,5/10/2019,DRA,PG13,FSL,2200537,827108,4535154,1495,1501,1,77,52%,545,36%
Poms,General,5/10/2019,COM,PG13,STX,5361937,1497688,13631124,2750,2750,1,75,46%,533,30%
Uglydolls,Family,5/3/2019,ANI,PG,STX,8603407,2496875,20150241,3652,3652,1,65,34%,1024,13%
Long Shot (2019),General,5/3/2019,COM,R,LGF,9740064,3645044,30316271,3230,3230,1,75,54%,810,32%
"Intruder, The (2019)",General,5/3/2019,SUS,PG13,SNY,10855054,3940875,35419122,2222,2231,1,69,43%,808,24%
Avengers: Endgame,Hybrid,4/26/2019,ACT,PG13,DIS,357115007,157461641,858373000,4662,4662,1,90,82%,1204,68%
"Curse Of La Llorona, The",General,4/19/2019,HOR,R,WB,26347631,11919261,54855726,3372,3372,1,70,48%,862,29%
Penguins (Disneynature),Family,4/17/2019,DOC,G,DIS,2282593,500169,7699452,1815,1815,1,78,57%,1012,41%
Breakthrough,Hybrid,4/17/2019,DRA,PG,FOX,11282333,1888197,40713082,2764,2913,1,82,65%,936,47%
Missing Link,Family,4/12/2019,ANI,PG,UAR,5944950,1614134,16649539,3413,3437,1,75,45%,827,28%
Little,General,4/12/2019,COM,PG13,UNI,15405455,5376290,40860480,2667,2667,1,76,54%,810,33%
Hellboy,General,4/12/2019,ACT,R,LGF,12045147,4943668,21903748,3303,3303,1,66,41%,800,22%
After (2019),General,4/12/2019,DRA,PG13,AVI,6002349,2932423,12138565,2138,2138,1,69,46%,712,25%
Shazam!,Hybrid,4/5/2019,ACT,PG13,WB,53505326,20351441,140616813,4217,4306,1,79,60%,1216,40%
Pet Sematary,General,4/5/2019,HOR,R,PAR,24502775,9920210,54724696,3585,3585,1,70,46%,817,27%
"Best Of Enemies, The",General,4/5/2019,DRA,PG13,STX,4446190,1627520,10205616,1705,1705,1,80,64%,531,43%
Dumbo,Family,3/29/2019,FAM,PG,DIS,45990748,15254549,114766307,4259,4259,1,75,54%,1266,34%
Unplanned (2019),General,3/29/2019,DRA,R,PURE,6382298,2972788,19005109,1059,1516,1,82,64%,557,52%
"Beach Bum, The",General,3/29/2019,COM,R,NEON,1763070,690101,3502600,1100,1100,1,66,37%,415,23%
Us (2019),General,3/22/2019,SUS,R,UNI,71117625,28923540,175328970,3741,3743,1,78,59%,827,38%
Hotel Mumbai,General,3/22/2019,DRA,R,BST,88065,26564,9619500,4,930,1,77,50%,454,35%
Wonder Park,Family,3/15/2019,ANI,PG,PAR,15853646,5330263,45216793,3838,3838,1,75,45%,1146,31%
Five Feet Apart,General,3/15/2019,DRA,PG13,LGF,13190286,5405700,45729221,2803,2866,1,77,52%,812,37%
Captive State,General,3/15/2019,SUS,PG13,FOC,3131525,1266415,5958315,2548,2549,1,63,33%,757,20%
Captain Marvel,Hybrid,3/8/2019,ACT,PG13,DIS,153433423,61715051,426829839,4310,4310,1,81,66%,1267,49%
Gloria Bell,General,3/8/2019,DRA,R,A24,145218,42032,5611123,5,1127,1,64,24%,193,11%
Tyler Perry's A Madea Family Funeral,General,3/1/2019,COM,PG13,LGF,27062332,9200824,73257045,2442,2442,1,80,62%,828,44%
Greta (2019),General,3/1/2019,DRA,R,FOC,4481910,1603595,10544310,2411,2417,1,67,37%,800,24%
How To Train Your Dragon: The Hidden World,Family,2/22/2019,ANI,PG,UNI,55022245,17376690,161118155,4259,4286,1,89,75%,1204,65%
Run The Race,General,2/22/2019,DRA,PG,RSA,2161480,760168,6424420,853,1075,1,86,73%,339,58%
Alita: Battle Angel,Hybrid,2/14/2019,ACT,PG13,FOX,28525613,8716232,85710210,3790,3802,1,78,58%,1286,41%
Fighting With My Family,General,2/14/2019,DRA,PG13,MGM,138780,34274,22958583,4,2855,1,80,57%,813,40%
Isn't It Romantic,General,2/13/2019,RCOM,PG13,WB,14247758,1825164,48791187,3444,3444,1,72,46%,809,31%
Happy Death Day 2U,General,2/13/2019,HOR,PG13,UNI,9497665,980110,28148130,3207,3212,1,70,42%,805,25%
"Lego Movie 2: The Second Part, The",Family,2/8/2019,ANI,PG,WB,34115335,8461120,105956290,4303,4303,1,80,57%,1227,43%
What Men Want,General,2/8/2019,RCOM,R,PAR,18232087,6590556,54611903,2912,2912,1,80,63%,823,45%
"Prodigy, The",General,2/8/2019,HOR,R,ORI,5853061,2030705,14856291,2530,2530,1,69,41%,822,23%
Cold Pursuit,General,2/8/2019,ACT,R,LGF,11030233,3649657,32138862,2630,2630,1,70,39%,814,24%
Miss Bala,General,2/1/2019,ACT,PG13,SNY,6864744,2754673,15006824,2203,2203,1,75,50%,836,33%
"Kid Who Would Be King, The",Family,1/25/2019,ADV,PG,FOX,7173887,1702409,16790790,3521,3528,1,73,46%,880,24%
Serenity,General,1/25/2019,SUS,R,AVI,4415403,1595951,8547045,2561,2561,1,64,37%,800,23%
Glass,General,1/18/2019,SUS,PG13,UNI,40328920,15886745,111048470,3841,3844,1,73,49%,827,35%
Dragon Ball Super: Broly,Hybrid,1/16/2019,ANI,NR,CRUNCHY,9816197,7067165,28222277,1250,1250,1,88,77%,1203,62%
"Dog's Way Home, A",Family,1/11/2019,FAM,PG,SNY,11251263,3268436,42004346,3090,3090,1,77,50%,1227,35%
"Upside, The",General,1/11/2019,COM,PG13,STX,20355000,6928354,108252517,3080,3568,1,81,61%,809,46%
Replicas,General,1/11/2019,SCI,PG13,ESMP,2375325,933517,4046429,2329,2329,1,66,38%,526,25%
Escape Room,General,1/4/2019,HOR,PG13,SNY,18238172,7615748,57005601,2717,2717,1,74,50%,853,31%